{"cameraMode":{"drawMode":0,"name":"Shaded","section":"Shading Mode"},"sceneLighting":true,"audioPlay":false,"sceneViewState":{"showFog":true,"showMaterialUpdate":false,"showSkybox":true,"showFlares":true,"showImageEffects":true,"showParticleSystems":true},"in2DMode":false,"pivot":{"x":448.40130615234377,"y":18.5601806640625,"z":527.3369140625},"rotation":{"x":-0.07809672504663468,"y":-0.08370553702116013,"z":0.005310887470841408,"w":-0.9938885569572449},"size":980.5098876953125,"orthographic":false}