{"cameraMode":{"drawMode":0,"name":"Shaded","section":"Shading Mode"},"sceneLighting":false,"audioPlay":false,"sceneViewState":{"showFog":true,"showMaterialUpdate":false,"showSkybox":false,"showFlares":true,"showImageEffects":true,"showParticleSystems":true},"in2DMode":false,"pivot":{"x":-77.75130462646485,"y":256.71893310546877,"z":-801.7806396484375},"rotation":{"x":-0.02431216835975647,"y":0.004517724271863699,"z":-0.0018767776200547815,"w":-1.0003349781036378},"size":53.72396469116211,"orthographic":false}