{"cameraMode":{"drawMode":0,"name":"Shaded","section":"Shading Mode"},"sceneLighting":false,"audioPlay":false,"sceneViewState":{"showFog":true,"showMaterialUpdate":false,"showSkybox":false,"showFlares":true,"showImageEffects":true,"showParticleSystems":true},"in2DMode":false,"pivot":{"x":624.700927734375,"y":88.75259399414063,"z":0.0},"rotation":{"x":-0.029311271384358407,"y":0.12060213834047318,"z":0.005078972317278385,"w":0.9929836392402649},"size":23.996477127075197,"orthographic":false}