{"cameraMode":{"drawMode":0,"name":"Shaded","section":"Shading Mode"},"sceneLighting":true,"audioPlay":false,"sceneViewState":{"showFog":true,"showMaterialUpdate":false,"showSkybox":true,"showFlares":true,"showImageEffects":true,"showParticleSystems":true},"in2DMode":false,"pivot":{"x":0.4026789665222168,"y":-324.89056396484377,"z":527.5016479492188},"rotation":{"x":-0.2815886437892914,"y":-0.0016397201688960195,"z":-0.0005380404181778431,"w":-0.9600262641906738},"size":709.2733764648438,"orthographic":false}