{"cameraMode":{"drawMode":0,"name":"Shaded","section":"Shading Mode"},"sceneLighting":true,"audioPlay":false,"sceneViewState":{"showFog":true,"showMaterialUpdate":false,"showSkybox":true,"showFlares":true,"showImageEffects":true,"showParticleSystems":true},"in2DMode":false,"pivot":{"x":818.5093994140625,"y":195.5333251953125,"z":-75.77360534667969},"rotation":{"x":0.09142578393220902,"y":-0.6045927405357361,"z":0.07070765644311905,"w":0.7884123921394348},"size":105.99949645996094,"orthographic":false}