{"cameraMode":{"drawMode":0,"name":"Shaded","section":"Shading Mode"},"sceneLighting":true,"audioPlay":false,"sceneViewState":{"showFog":true,"showMaterialUpdate":false,"showSkybox":true,"showFlares":true,"showImageEffects":true,"showParticleSystems":true},"in2DMode":false,"pivot":{"x":251.64585876464845,"y":22.231395721435548,"z":-50.10821533203125},"rotation":{"x":-0.18030621111392976,"y":-0.02057555876672268,"z":-0.001288989675231278,"w":0.9839287996292114},"size":17.058940887451173,"orthographic":false}