{"cameraMode":{"drawMode":0,"name":"Shaded","section":"Shading Mode"},"sceneLighting":false,"audioPlay":false,"sceneViewState":{"showFog":true,"showMaterialUpdate":false,"showSkybox":false,"showFlares":true,"showImageEffects":true,"showParticleSystems":true},"in2DMode":false,"pivot":{"x":-3.3880109786987306,"y":-0.6677169799804688,"z":-1.6145191192626954},"rotation":{"x":-0.16900978982448579,"y":-0.009460433386266232,"z":0.0016214365605264903,"w":-0.9857138395309448},"size":62.21613311767578,"orthographic":false}