{"cameraMode":{"drawMode":0,"name":"Shaded","section":"Shading Mode"},"sceneLighting":true,"audioPlay":false,"sceneViewState":{"showFog":true,"showMaterialUpdate":false,"showSkybox":true,"showFlares":true,"showImageEffects":true,"showParticleSystems":true},"in2DMode":false,"pivot":{"x":29.141233444213868,"y":-60.609596252441409,"z":209.8096160888672},"rotation":{"x":0.21606223285198213,"y":0.045039042830467227,"z":-0.009005763567984105,"w":0.9760527610778809},"size":366.8172912597656,"orthographic":false}